Remediation ID,Finding ID,Control Area,Risk Level,Corrective Action,Owner,Start Date,Target Date,Status,Progress Percent,Validation Evidence Required,Validation Result,Closure Status
REM-001,FIND-001,User Provisioning,Medium,Update provisioning workflow to require documented manager approval before account creation,Identity and Access Management,2026-08-25,2026-09-30,In Progress,60,Updated workflow configuration plus 5 new approved provisioning samples,Pending,Open
REM-002,FIND-002,User Termination,High,Automate HR termination notifications and monitor account disablement completion,Identity and Access Management,2026-08-25,2026-09-15,In Progress,75,Termination workflow configuration disablement logs and 5 recent termination samples,Pending,Open
REM-003,FIND-003,Privileged Access,High,Perform quarterly privileged-access reviews and require documented business justification,IT Security,2026-08-26,2026-09-30,In Progress,50,Privileged account inventory completed review approvals and removal records,Pending,Open
REM-004,FIND-004,Multi-Factor Authentication,High,Enable MFA for all applicable privileged accounts and document approved exceptions,Identity and Access Management,2026-08-25,2026-09-15,In Progress,80,MFA enrollment report exception approvals and coverage validation,Pending,Open
REM-005,FIND-005,Access Reviews,High,Require closure evidence for every access-review exception,Identity and Access Management,2026-08-27,2026-09-30,Open,25,Updated access review procedure removal evidence and reviewer certification,Pending,Open
REM-006,FIND-006,Change Management,Medium,Require documented testing evidence before final change approval and implementation,Change Management,2026-08-28,2026-10-15,Open,20,Updated change workflow plus 5 compliant change tickets,Pending,Open
REM-007,FIND-007,Audit Logging,Medium,Establish recurring security log review documentation with investigation and escalation evidence,Security Operations,2026-08-28,2026-10-15,Open,30,SIEM review reports reviewer signoff investigation tickets and escalation records,Pending,Open
REM-008,FIND-008,Vulnerability Management,High,Enforce remediation SLAs and require formal approval for overdue high-risk vulnerabilities,Vulnerability Management,2026-08-25,2026-09-30,In Progress,65,Updated SLA policy aging report remediation tickets and risk acceptance approvals,Pending,Open
REM-009,FIND-009,Incident Response,Medium,Implement a standardized incident closure checklist,Incident Response Team,2026-08-29,2026-10-31,Open,25,Updated incident template plus 3 completed incident records,Pending,Open
REM-010,FIND-010,Incident Response Testing,High,Conduct an annual tabletop exercise and document lessons learned and corrective actions,Incident Response Team,2026-08-29,2026-10-31,Planned,10,Tabletop report participant list lessons learned and corrective-action tracker,Pending,Open
REM-011,FIND-011,Backup and Recovery,Medium,Establish quarterly restoration testing and retain recovery evidence,IT Operations,2026-08-30,2026-11-15,Open,20,4 restoration test reports recovery logs and corrective-action records,Pending,Open
REM-012,FIND-012,Third-Party Risk,High,Create an annual reassessment schedule for high-risk vendors and escalate overdue reviews,GRC and Procurement,2026-08-26,2026-10-15,In Progress,55,Updated reassessment schedule completed vendor reviews and remediation records,Pending,Open
REM-013,FIND-013,Policy Management,Low,Update overdue policy and implement recurring review reminders,GRC,2026-09-01,2026-11-30,Open,15,Updated approved policy revision history and review reminder evidence,Pending,Open
REM-014,FIND-014,Risk Management,Medium,Require complete ownership treatment target dates and management approval for material risks,GRC,2026-08-30,2026-10-31,Open,35,Updated risk register treatment plans owner assignments and approval records,Pending,Open
REM-015,FIND-015,Remediation Tracking,High,Require independent validation evidence and formal approval before audit findings are closed,Internal Audit,2026-08-25,2026-09-30,In Progress,70,Updated finding tracker validation records reviewer approval and closure evidence,Pending,Open
